{
  "enabled": {
    "license:license:51c745d5d652a8abcd8648ce0e306117e181a726": true
  },
  "pos": {
    "license:license:51c745d5d652a8abcd8648ce0e306117e181a726": {
      "x": -28.7459716796875,
      "y": -948.74267578125,
      "z": 29.405488967895508,
      "h": 151.76695251464844,
      "t": 1770668773701
    }
  }
}